{
	"info": {
		"_postman_id": "a70c52df-059f-468e-a3c6-100a16a3a4b8",
		"name": "Bageriet",
		"schema": "https://schema.getpostman.com/json/collection/v2.1.0/collection.json"
	},
	"item": [
		{
			"name": "Login - login, logud, loggedin",
			"item": [
				{
					"name": "Login",
					"request": {
						"method": "POST",
						"header": [
							{
								"key": "Content-Type",
								"type": "text",
								"value": "application/x-www-form-urlencoded",
								"warning": "This is a duplicate header and will be overridden by the Content-Type header generated by Postman."
							}
						],
						"body": {
							"mode": "urlencoded",
							"urlencoded": [
								{
									"key": "email",
									"value": "peter@bager.dk",
									"description": "Brugers email",
									"type": "text"
								},
								{
									"key": "password",
									"value": "admin123",
									"description": "Brugers password",
									"type": "text"
								}
							]
						},
						"url": {
							"raw": "http://localhost:5033/login/login",
							"protocol": "http",
							"host": [
								"localhost"
							],
							"port": "5033",
							"path": [
								"login",
								"login"
							]
						}
					},
					"response": []
				},
				{
					"name": "Logout",
					"protocolProfileBehavior": {
						"disableBodyPruning": true
					},
					"request": {
						"method": "GET",
						"header": [],
						"body": {
							"mode": "raw",
							"raw": ""
						},
						"url": {
							"raw": "http://localhost:5033/login/logout",
							"protocol": "http",
							"host": [
								"localhost"
							],
							"port": "5033",
							"path": [
								"login",
								"logout"
							]
						}
					},
					"response": []
				},
				{
					"name": "Loggedin - er jeg logget ind",
					"protocolProfileBehavior": {
						"disableBodyPruning": true
					},
					"request": {
						"method": "GET",
						"header": [],
						"body": {
							"mode": "raw",
							"raw": ""
						},
						"url": {
							"raw": "http://localhost:5033/login/loggedin",
							"protocol": "http",
							"host": [
								"localhost"
							],
							"port": "5033",
							"path": [
								"login",
								"loggedin"
							]
						}
					},
					"response": []
				}
			],
			"description": "Login for almindelige brugere af Bageriet",
			"protocolProfileBehavior": {}
		},
		{
			"name": "Bruger",
			"item": [
				{
					"name": "GET - hent alle brugere",
					"request": {
						"method": "GET",
						"header": [],
						"url": {
							"raw": "http://localhost:5033/bruger/admin",
							"protocol": "http",
							"host": [
								"localhost"
							],
							"port": "5033",
							"path": [
								"bruger",
								"admin"
							]
						}
					},
					"response": []
				},
				{
					"name": "GET - hent bruger ud fra ID",
					"request": {
						"method": "GET",
						"header": [],
						"url": {
							"raw": "http://localhost:5033/bruger/admin/5f65c808485b6f9980b576b7",
							"protocol": "http",
							"host": [
								"localhost"
							],
							"port": "5033",
							"path": [
								"bruger",
								"admin",
								"5f65c808485b6f9980b576b7"
							]
						}
					},
					"response": []
				},
				{
					"name": "POST - opret bruger",
					"request": {
						"method": "POST",
						"header": [
							{
								"key": "Content-Type",
								"value": "application/json",
								"type": "text"
							}
						],
						"body": {
							"mode": "urlencoded",
							"urlencoded": [
								{
									"key": "brugernavn",
									"value": "svesken",
									"description": "Brugers brugernavn",
									"type": "text"
								},
								{
									"key": "fornavn",
									"value": "Sanne",
									"description": "Brugers fornavn",
									"type": "text"
								},
								{
									"key": "efternavn",
									"value": "Jante",
									"description": "Brugers efternavn",
									"type": "text"
								},
								{
									"key": "email",
									"value": "svesken@mail.com",
									"description": "Brugers email",
									"type": "text"
								},
								{
									"key": "password",
									"value": "svesken123",
									"description": "Brugers password",
									"type": "text"
								}
							]
						},
						"url": {
							"raw": "http://localhost:5033/bruger",
							"protocol": "http",
							"host": [
								"localhost"
							],
							"port": "5033",
							"path": [
								"bruger"
							]
						},
						"description": "OBS! Der må kun være 1 forekomst af brugernavn og email i databasen. \r\nSå der kan ikke oprettes en bruger som har samme brugernavn og/eller email som en anden bruger."
					},
					"response": []
				},
				{
					"name": "PUT - ret bruger Copy",
					"request": {
						"method": "PUT",
						"header": [
							{
								"key": "Content-Type",
								"value": "application/json",
								"type": "text"
							}
						],
						"body": {
							"mode": "urlencoded",
							"urlencoded": [
								{
									"key": "brugernavn",
									"value": "kokken",
									"description": "Brugers brugernavn",
									"type": "text"
								},
								{
									"key": "fornavn",
									"value": "Karl2",
									"description": "Brugers fornavn",
									"type": "text"
								},
								{
									"key": "efternavn",
									"value": "Hansen",
									"description": "Brugers efternavn",
									"type": "text"
								},
								{
									"key": "email",
									"value": "kh@gmail.com",
									"description": "Brugers email",
									"type": "text"
								},
								{
									"key": "password",
									"value": "karl123",
									"description": "Brugers password",
									"type": "text"
								}
							]
						},
						"url": {
							"raw": "http://localhost:5033/bruger/admin/5f663c1d1fe7cf67d08a64e2",
							"protocol": "http",
							"host": [
								"localhost"
							],
							"port": "5033",
							"path": [
								"bruger",
								"admin",
								"5f663c1d1fe7cf67d08a64e2"
							]
						}
					},
					"response": []
				},
				{
					"name": "DELETE - slet bruger ud fra ID",
					"request": {
						"method": "DELETE",
						"header": [],
						"url": {
							"raw": "http://localhost:5033/bruger/admin/5f663c1d1fe7cf67d08a64e2",
							"protocol": "http",
							"host": [
								"localhost"
							],
							"port": "5033",
							"path": [
								"bruger",
								"admin",
								"5f663c1d1fe7cf67d08a64e2"
							]
						}
					},
					"response": []
				}
			],
			"protocolProfileBehavior": {}
		},
		{
			"name": "Kategori",
			"item": [
				{
					"name": "GET - hent alle kategorier",
					"request": {
						"method": "GET",
						"header": [],
						"url": {
							"raw": "http://localhost:5033/kategorier",
							"protocol": "http",
							"host": [
								"localhost"
							],
							"port": "5033",
							"path": [
								"kategorier"
							]
						}
					},
					"response": []
				},
				{
					"name": "GET - hent kategori ud fra ID",
					"request": {
						"method": "GET",
						"header": [],
						"url": {
							"raw": "http://localhost:5033/kategorier/5f63ba0b702cca37f87ce070",
							"protocol": "http",
							"host": [
								"localhost"
							],
							"port": "5033",
							"path": [
								"kategorier",
								"5f63ba0b702cca37f87ce070"
							]
						}
					},
					"response": []
				},
				{
					"name": "POST - opret kategori",
					"request": {
						"method": "POST",
						"header": [
							{
								"warning": "This is a duplicate header and will be overridden by the Content-Type header generated by Postman.",
								"key": "Content-Type",
								"value": "application/json",
								"type": "text"
							}
						],
						"body": {
							"mode": "urlencoded",
							"urlencoded": [
								{
									"key": "titel",
									"value": "Ny kategori",
									"type": "text"
								}
							]
						},
						"url": {
							"raw": "http://localhost:5033/kategorier/admin",
							"protocol": "http",
							"host": [
								"localhost"
							],
							"port": "5033",
							"path": [
								"kategorier",
								"admin"
							]
						}
					},
					"response": []
				},
				{
					"name": "PUT - ret kategori",
					"request": {
						"method": "PUT",
						"header": [
							{
								"warning": "This is a duplicate header and will be overridden by the Content-Type header generated by Postman.",
								"key": "Content-Type",
								"value": "application/json",
								"type": "text"
							}
						],
						"body": {
							"mode": "urlencoded",
							"urlencoded": [
								{
									"key": "titel",
									"value": "Ny kategori rettet",
									"type": "text"
								}
							]
						},
						"url": {
							"raw": "http://localhost:5033/kategorier/admin/5f70e16472e68d8a60d426b3",
							"protocol": "http",
							"host": [
								"localhost"
							],
							"port": "5033",
							"path": [
								"kategorier",
								"admin",
								"5f70e16472e68d8a60d426b3"
							]
						}
					},
					"response": []
				},
				{
					"name": "DELETE - slet kategori ud fra ID",
					"request": {
						"method": "DELETE",
						"header": [],
						"url": {
							"raw": "http://localhost:5033/PAS PÅ - SLET IKKE EN KATEGORI SOM DER ER PRODUKTER KNYTTET TIL!!!!",
							"protocol": "http",
							"host": [
								"localhost"
							],
							"port": "5033",
							"path": [
								"PAS PÅ - SLET IKKE EN KATEGORI SOM DER ER PRODUKTER KNYTTET TIL!!!!"
							]
						},
						"description": "PAS PÅ! Slet ikke en kategori, som har produkter tilknyttet - for i så fald har produkterne ikke længere en kategori!"
					},
					"response": []
				}
			],
			"protocolProfileBehavior": {}
		},
		{
			"name": "Produkt",
			"item": [
				{
					"name": "GET Produkt - hent alle",
					"request": {
						"method": "GET",
						"header": [],
						"url": {
							"raw": "http://localhost:5033/produkter",
							"protocol": "http",
							"host": [
								"localhost"
							],
							"port": "5033",
							"path": [
								"produkter"
							]
						},
						"description": "Returnerer array med alle produkter med visning af udvalgte fields/data"
					},
					"response": []
				},
				{
					"name": "GET Produkt - hent n antal produkter",
					"request": {
						"method": "GET",
						"header": [],
						"url": {
							"raw": "http://localhost:5033/produkter/antal/3",
							"protocol": "http",
							"host": [
								"localhost"
							],
							"port": "5033",
							"path": [
								"produkter",
								"antal",
								"3"
							]
						},
						"description": "Returnerer array med alle produkter med visning af udvalgte fields/data vist i dato-orden med nyeste først/øverst"
					},
					"response": []
				},
				{
					"name": "GET Produkt - hent ud fra ID",
					"request": {
						"method": "GET",
						"header": [],
						"url": {
							"raw": "http://localhost:5033/produkter/5f670f0dd1be3e2fd0cb2637",
							"protocol": "http",
							"host": [
								"localhost"
							],
							"port": "5033",
							"path": [
								"produkter",
								"5f670f0dd1be3e2fd0cb2637"
							]
						},
						"description": "Returnerer et produkt med alle fields/data"
					},
					"response": []
				},
				{
					"name": "GET Produkt - søg ud fra søgeord",
					"request": {
						"method": "GET",
						"header": [],
						"url": {
							"raw": "http://localhost:5033/produkter/soeg/rørsukker",
							"protocol": "http",
							"host": [
								"localhost"
							],
							"port": "5033",
							"path": [
								"produkter",
								"soeg",
								"rørsukker"
							]
						},
						"description": "Returnerer et produkt med alle fields/data"
					},
					"response": []
				},
				{
					"name": "PATCH - Produkt likes - tilføj +1 til likes",
					"request": {
						"method": "PATCH",
						"header": [],
						"url": {
							"raw": "http://localhost:5033/produkter/likes/5f670f0dd1be3e2fd0cb2637",
							"protocol": "http",
							"host": [
								"localhost"
							],
							"port": "5033",
							"path": [
								"produkter",
								"likes",
								"5f670f0dd1be3e2fd0cb2637"
							]
						}
					},
					"response": []
				},
				{
					"name": "POST Produkt - opret ny",
					"request": {
						"method": "POST",
						"header": [
							{
								"warning": "This is a duplicate header and will be overridden by the Content-Type header generated by Postman.",
								"key": "Content-Type",
								"value": "multipart/form-data",
								"type": "text"
							}
						],
						"body": {
							"mode": "formdata",
							"formdata": [
								{
									"key": "titel",
									"value": "Testprodukt med marcipan",
									"contentType": "text/plain",
									"description": "Bagværks titel",
									"type": "text"
								},
								{
									"key": "teaser",
									"value": "Søde, lette og luftige er disse horn. De egner sig fint til frysning og kan derfor nemt lunes til morgenbordet.",
									"contentType": "text/plain",
									"description": "Kort tekst om bagværket her",
									"type": "text"
								},
								{
									"key": "beskrivelse",
									"value": "Smelt smørret, tilsæt mælken, og tag gryden fra varmen. Når væsken er fingervarm, hældes den i dejskålen sammen med 1 æg og 1 æggeblomme (gem hviden).<br /><br />Smuldret gær, sukker og salt tilsættes, og blandingen røres jævn.<br /><br />Melet tilsættes gradvis, og dejen, der skal være temmelig lind, æltes igennem. Den hæver ca. 45 min, vendes ud på bordet og æltes let.<br /><br />Rul dejen ud i en cirkel så stor som muligt, gerne i køkkenbordets bredde (55-60 cm).<br /><br />Lad den hvile 5-10 min., inden den skæres i 16 kiler.<br /><br />Marcipanen røres blød med halvdelen af den tiloversblevne æggehvide og røres jævn med sukkeret. En klat lægges på hver kile og de rulles sammen og lægges på pladen.<br /><br />Hornene efterhæver ca. 30 min., pensles med resten af æggehviden, drysses med tesukker og bages ved 210 gr. i 12-14 min.",
									"contentType": "text/plain",
									"description": "Længere beskrivelse af bagværket her",
									"type": "text"
								},
								{
									"key": "tilberedningstid",
									"value": "70",
									"contentType": "text/plain",
									"description": "Tilberedningstid i minutter",
									"type": "text"
								},
								{
									"key": "pris",
									"value": "20",
									"contentType": "text/plain",
									"description": "Pris",
									"type": "text"
								},
								{
									"key": "antal",
									"value": "16",
									"contentType": "text/plain",
									"description": "Antal færdige bagværk",
									"type": "text"
								},
								{
									"key": "kategori",
									"value": "5f63ba1c702cca37f87ce072",
									"contentType": "text/plain",
									"description": "Kategoriens ID",
									"type": "text"
								},
								{
									"key": "image",
									"contentType": "",
									"description": "Image/billede",
									"type": "file",
									"src": []
								}
							]
						},
						"url": {
							"raw": "http://localhost:5033/produkter/admin",
							"protocol": "http",
							"host": [
								"localhost"
							],
							"port": "5033",
							"path": [
								"produkter",
								"admin"
							]
						},
						"description": "Opret nyt produkt - ingredienser oprettes særskilt i POST-metode til ingredienser"
					},
					"response": []
				},
				{
					"name": "POST Produktingrediens - opret ingrediens til produkt ud fra produkts ID",
					"request": {
						"method": "POST",
						"header": [
							{
								"key": "Content-Type",
								"type": "text",
								"value": "multipart/form-data",
								"warning": "This is a duplicate header and will be overridden by the Content-Type header generated by Postman."
							}
						],
						"body": {
							"mode": "urlencoded",
							"urlencoded": [
								{
									"key": "ingrediens_titel",
									"value": "Kanel",
									"contentType": "text/plain",
									"description": "Ingrediensens navn",
									"type": "text"
								},
								{
									"key": "maengde",
									"value": "2",
									"contentType": "text/plain",
									"description": "Mængde",
									"type": "text"
								},
								{
									"key": "enhed_forkortet",
									"value": "spsk",
									"contentType": "text/plain",
									"description": "Enhed forkortet",
									"type": "text"
								},
								{
									"key": "enhed_navn",
									"value": "Spiseskefuld",
									"contentType": "text/plain",
									"description": "Enhed fuld tekst",
									"type": "text"
								}
							]
						},
						"url": {
							"raw": "http://localhost:5033/produktingrediens/admin/5f6719c7d1be3e2fd0cb2648",
							"protocol": "http",
							"host": [
								"localhost"
							],
							"port": "5033",
							"path": [
								"produktingrediens",
								"admin",
								"5f6719c7d1be3e2fd0cb2648"
							]
						},
						"description": "Tilføj en ingrediens til et produkt - medsend produktets ID"
					},
					"response": []
				},
				{
					"name": "PUT Produkt - ret ud fra ID",
					"request": {
						"method": "PUT",
						"header": [
							{
								"warning": "This is a duplicate header and will be overridden by the Content-Type header generated by Postman.",
								"key": "Content-Type",
								"value": "multipart/form-data",
								"type": "text"
							}
						],
						"body": {
							"mode": "formdata",
							"formdata": [
								{
									"key": "titel",
									"value": "Svenske snegle med kanel og kardemomme",
									"contentType": "text/plain",
									"description": "Bagværks titel",
									"type": "text"
								},
								{
									"key": "teaser",
									"value": "Skønne kanelsnegle med masser af kanel og kardemomme - de lækre snaskede snegle smager næsten lige som de svenske kanelbullar.",
									"contentType": "text/plain",
									"description": "Kort tekst om bagværket her",
									"type": "text"
								},
								{
									"key": "beskrivelse",
									"value": "Smelt smørret i en kasserolle, tilsæt mælken, og varm det op, til det er lunkent, ca. 37 grader. Tilsæt gæren og rør, til den er opløst.<br /><br />Tilsæt ægget sammen med sukker, salt, kardemomme og to tredjedele af melet, og rør dejen glat. Arbejd det resterende mel i lidt ad gangen, og ælt grundigt, til du har en smidig og blank dej. Pas på med ikke at tilsætte yderligere mel – dejen vil samle sig og begynde at slippe kanterne, når du får æltet den godt.<br /><br />Sæt dejen til hævning til dobbelt størrelse (det tager ca. 1½ time) i en skål med et fugtigt klæde over, og lav imens remoncen ved at røre smør, sukker og kanel sammen, til det er cremet i konsistensen.<br /><br />Når dejen er færdighævet, tages den ud på bordet til endnu en hurtig omgang æltning. Dejen er færdigæltet, når den slipper både bord og hænder.<br /><br />Tænd ovnen for 225 grader. Rul den derefter ud til et rektangel på ca. 25 x 40 cm og smør remoncen ud over. Rul dejen sammen på den lange side, og skær sneglene ud i ca. 3 cm tykkelse.<br /><br />Læg dem med 2-3 cm imellem på en bradepande med bagepapir, og lad dem hæve under et klæde i 45 min, til de næsten rører hinanden. Pensl med et sammenpisket æg, og bag sneglene i 12-15 minutter, eller til de er gyldne og flotte at se på.<br /><br />Lad dem køle ned til stuetemperatur, før du pynter dem med glasur eller bare serverer, dem helt som de er.",
									"contentType": "text/plain",
									"description": "Længere beskrivelse af bagværket her",
									"type": "text"
								},
								{
									"key": "tilberedningstid",
									"value": "60",
									"contentType": "text/plain",
									"description": "Tilberedningstid i minutter",
									"type": "text"
								},
								{
									"key": "pris",
									"value": "15",
									"contentType": "text/plain",
									"description": "Pris",
									"type": "text"
								},
								{
									"key": "antal",
									"value": "20",
									"contentType": "text/plain",
									"description": "Antal færdige bagværk",
									"type": "text"
								},
								{
									"key": "kategori",
									"value": "5f63ba1c702cca37f87ce072",
									"contentType": "text/plain",
									"description": "Kategoriens ID",
									"type": "text"
								},
								{
									"key": "image",
									"contentType": "",
									"description": "Image/billede",
									"type": "file",
									"src": []
								}
							]
						},
						"url": {
							"raw": "http://localhost:5033/produkter/admin/5f70d86a3075551394cc1d72",
							"protocol": "http",
							"host": [
								"localhost"
							],
							"port": "5033",
							"path": [
								"produkter",
								"admin",
								"5f70d86a3075551394cc1d72"
							]
						},
						"description": "Opret nyt produkt - ingredienser oprettes særskilt i POST-metode til ingredienser"
					},
					"response": []
				},
				{
					"name": "DELETE Produkt - slet ud fra ID",
					"request": {
						"method": "DELETE",
						"header": [],
						"url": {
							"raw": "http://localhost:5033/produkter/admin/5f65b8e7fe4bf24650803c1d",
							"protocol": "http",
							"host": [
								"localhost"
							],
							"port": "5033",
							"path": [
								"produkter",
								"admin",
								"5f65b8e7fe4bf24650803c1d"
							]
						},
						"description": "Sletter produktet ud fra medsendt ID"
					},
					"response": []
				},
				{
					"name": "DELETE Produktingrediens - slet ingrediens ud fra ID",
					"request": {
						"method": "DELETE",
						"header": [],
						"body": {
							"mode": "raw",
							"raw": ""
						},
						"url": {
							"raw": "http://localhost:5033/produktingrediens/admin/5f6638a41fe7cf67d08a64d8/5f6638be1fe7cf67d08a64db",
							"protocol": "http",
							"host": [
								"localhost"
							],
							"port": "5033",
							"path": [
								"produktingrediens",
								"admin",
								"5f6638a41fe7cf67d08a64d8",
								"5f6638be1fe7cf67d08a64db"
							]
						},
						"description": "Sletter ingrediens ud fra medsendt produkts _id og ingrediens _id (i URL/querystring)"
					},
					"response": []
				}
			],
			"protocolProfileBehavior": {}
		},
		{
			"name": "Kommentar",
			"item": [
				{
					"name": "GET - hent alle kommentarer",
					"request": {
						"method": "GET",
						"header": [],
						"url": {
							"raw": "http://localhost:5033/kommentar",
							"protocol": "http",
							"host": [
								"localhost"
							],
							"port": "5033",
							"path": [
								"kommentar"
							]
						}
					},
					"response": []
				},
				{
					"name": "GET - hent alle kommentarer ud fra produkts ID",
					"request": {
						"method": "GET",
						"header": [],
						"url": {
							"raw": "http://localhost:5033/kommentar/produkt/5f64fb588875d28b9484b30c",
							"protocol": "http",
							"host": [
								"localhost"
							],
							"port": "5033",
							"path": [
								"kommentar",
								"produkt",
								"5f64fb588875d28b9484b30c"
							]
						}
					},
					"response": []
				},
				{
					"name": "GET - hent alle kommentarer ud fra brugers ID",
					"request": {
						"method": "GET",
						"header": [],
						"url": {
							"raw": "http://localhost:5033/kommentar/bruger/5f65c808485b6f9980b576b7",
							"protocol": "http",
							"host": [
								"localhost"
							],
							"port": "5033",
							"path": [
								"kommentar",
								"bruger",
								"5f65c808485b6f9980b576b7"
							]
						}
					},
					"response": []
				},
				{
					"name": "GET - hent kommentar ud fra ID",
					"request": {
						"method": "GET",
						"header": [],
						"url": {
							"raw": "http://localhost:5033/kommentar/5f65e15bf580729858b40f29",
							"protocol": "http",
							"host": [
								"localhost"
							],
							"port": "5033",
							"path": [
								"kommentar",
								"5f65e15bf580729858b40f29"
							]
						}
					},
					"response": []
				},
				{
					"name": "POST - opret kommentar til produkt",
					"request": {
						"method": "POST",
						"header": [],
						"body": {
							"mode": "urlencoded",
							"urlencoded": [
								{
									"key": "titel",
									"value": "Kommentarens titel her",
									"description": "Kommentarens titel",
									"type": "text"
								},
								{
									"key": "kommentaren",
									"value": "Kommentarens tekst her",
									"description": "Kommentarens tekst",
									"type": "text"
								},
								{
									"key": "bruger",
									"value": "5f6dae4f89b7d73ad47cfbea",
									"description": "Brugers id - brugeren som kommenterer",
									"type": "text"
								},
								{
									"key": "produkt",
									"value": "5f6711fcd1be3e2fd0cb263b",
									"description": "Produkts id - produktet som kommenteres",
									"type": "text"
								}
							]
						},
						"url": {
							"raw": "http://localhost:5033/kommentar/admin",
							"protocol": "http",
							"host": [
								"localhost"
							],
							"port": "5033",
							"path": [
								"kommentar",
								"admin"
							]
						}
					},
					"response": []
				},
				{
					"name": "PUT - ret kommentar til produkt",
					"request": {
						"method": "PUT",
						"header": [],
						"body": {
							"mode": "urlencoded",
							"urlencoded": [
								{
									"key": "titel",
									"value": "Her er en rettet kommentar",
									"description": "Kommentarens titel",
									"type": "text"
								},
								{
									"key": "kommentaren",
									"value": "Selve kommentarens rettede tekst her",
									"description": "Kommentarens tekst",
									"type": "text"
								}
							]
						},
						"url": {
							"raw": "http://localhost:5033/kommentar/admin/5f7064678c7e987d6044d556",
							"protocol": "http",
							"host": [
								"localhost"
							],
							"port": "5033",
							"path": [
								"kommentar",
								"admin",
								"5f7064678c7e987d6044d556"
							]
						},
						"description": "Der kan ikke rettes i hvilket produkt kommentaren er tilknyttet. Og heller ikke hvilken bruger, som har lavet kommentaren.\r\nKun titel og kommentar kan rettes."
					},
					"response": []
				},
				{
					"name": "DELETE - slet kommentar ud fra ID",
					"request": {
						"method": "DELETE",
						"header": [],
						"url": {
							"raw": "http://localhost:5033/kommentar/admin/5f7064678c7e987d6044d556",
							"protocol": "http",
							"host": [
								"localhost"
							],
							"port": "5033",
							"path": [
								"kommentar",
								"admin",
								"5f7064678c7e987d6044d556"
							]
						}
					},
					"response": []
				}
			],
			"description": "Kommentar er knyttet til en bruger (_id) og et produkt (_id)",
			"protocolProfileBehavior": {}
		},
		{
			"name": "Kontakt",
			"item": [
				{
					"name": "GET - hent alle kontaktbeskeder",
					"request": {
						"method": "GET",
						"header": [],
						"url": {
							"raw": "http://localhost:5033/kontakt/admin",
							"protocol": "http",
							"host": [
								"localhost"
							],
							"port": "5033",
							"path": [
								"kontakt",
								"admin"
							]
						}
					},
					"response": []
				},
				{
					"name": "GET - hent udvalgt kontaktbesked",
					"request": {
						"method": "GET",
						"header": [],
						"url": {
							"raw": "http://localhost:5033/kontakt/admin/5f70c772da5ca06ac0686051",
							"protocol": "http",
							"host": [
								"localhost"
							],
							"port": "5033",
							"path": [
								"kontakt",
								"admin",
								"5f70c772da5ca06ac0686051"
							]
						}
					},
					"response": []
				},
				{
					"name": "POST - Opret kontaktbesked",
					"request": {
						"method": "POST",
						"header": [
							{
								"warning": "This is a duplicate header and will be overridden by the Content-Type header generated by Postman.",
								"key": "Content-Type",
								"value": "application/json",
								"type": "text"
							}
						],
						"body": {
							"mode": "urlencoded",
							"urlencoded": [
								{
									"key": "navn",
									"value": "Hans Jensen",
									"type": "text"
								},
								{
									"key": "email",
									"value": "hjensen@mail.dk",
									"type": "text"
								},
								{
									"key": "emne",
									"value": "Bare en test",
									"type": "text"
								},
								{
									"key": "besked",
									"value": "Jeg vil bare lige kontakte jer for at teste ...",
									"type": "text"
								}
							]
						},
						"url": {
							"raw": "http://localhost:5033/kontakt",
							"protocol": "http",
							"host": [
								"localhost"
							],
							"port": "5033",
							"path": [
								"kontakt"
							]
						}
					},
					"response": []
				},
				{
					"name": "PUT - ret kontaktbesked",
					"request": {
						"method": "PUT",
						"header": [
							{
								"warning": "This is a duplicate header and will be overridden by the Content-Type header generated by Postman.",
								"key": "Content-Type",
								"value": "application/json",
								"type": "text"
							}
						],
						"body": {
							"mode": "urlencoded",
							"urlencoded": [
								{
									"key": "navn",
									"value": "Hans Jensen Rettet",
									"type": "text"
								},
								{
									"key": "email",
									"value": "hjensen@mail.dk",
									"type": "text"
								},
								{
									"key": "emne",
									"value": "Bare en test",
									"type": "text"
								},
								{
									"key": "besked",
									"value": "Jeg vil bare lige kontakte jer for at teste ...",
									"type": "text"
								}
							]
						},
						"url": {
							"raw": "http://localhost:5033/kontakt/admin/5f70c6e3da5ca06ac0686050",
							"protocol": "http",
							"host": [
								"localhost"
							],
							"port": "5033",
							"path": [
								"kontakt",
								"admin",
								"5f70c6e3da5ca06ac0686050"
							]
						}
					},
					"response": []
				},
				{
					"name": "DELETE - slet udvalgt kontaktbesked ud fra ID",
					"request": {
						"method": "DELETE",
						"header": [],
						"url": {
							"raw": "http://localhost:5033/kontakt/admin/5f70c6e3da5ca06ac0686050",
							"protocol": "http",
							"host": [
								"localhost"
							],
							"port": "5033",
							"path": [
								"kontakt",
								"admin",
								"5f70c6e3da5ca06ac0686050"
							]
						}
					},
					"response": []
				}
			],
			"protocolProfileBehavior": {}
		},
		{
			"name": "Nyhed",
			"item": [
				{
					"name": "GET - hent alle nyheder",
					"request": {
						"method": "GET",
						"header": [],
						"url": {
							"raw": "http://localhost:5033/nyheder",
							"protocol": "http",
							"host": [
								"localhost"
							],
							"port": "5033",
							"path": [
								"nyheder"
							]
						}
					},
					"response": []
				},
				{
					"name": "GET - hent n antal nyheder",
					"request": {
						"method": "GET",
						"header": [],
						"url": {
							"raw": "http://localhost:5033/nyheder/antal/2",
							"protocol": "http",
							"host": [
								"localhost"
							],
							"port": "5033",
							"path": [
								"nyheder",
								"antal",
								"2"
							]
						},
						"description": "Returnerer n antal nyheder (limit) ud fra medsendt \"antal\". Med nyeste nyhed først - ældste sidst. Hvis der ikke medsendes \"antal\" returneres alle nyheder."
					},
					"response": []
				},
				{
					"name": "GET - søg nyheder",
					"request": {
						"method": "GET",
						"header": [],
						"url": {
							"raw": "http://localhost:5033/nyheder/soeg/kanel",
							"protocol": "http",
							"host": [
								"localhost"
							],
							"port": "5033",
							"path": [
								"nyheder",
								"soeg",
								"kanel"
							]
						},
						"description": "Søg en nyhed - returnerer nyheder som indeholder medsendt søgeord i titel, teaser eller nyhedstekst. Nyeste nyhed først."
					},
					"response": []
				},
				{
					"name": "GET - nyhed ud fra ID",
					"request": {
						"method": "GET",
						"header": [],
						"url": {
							"raw": "http://localhost:5033/nyheder/5f670a2fd1be3e2fd0cb2635",
							"protocol": "http",
							"host": [
								"localhost"
							],
							"port": "5033",
							"path": [
								"nyheder",
								"5f670a2fd1be3e2fd0cb2635"
							]
						}
					},
					"response": []
				},
				{
					"name": "POST - opret nyhed",
					"request": {
						"method": "POST",
						"header": [
							{
								"key": "Content-Type",
								"value": "multipart/form-data",
								"type": "text"
							}
						],
						"body": {
							"mode": "formdata",
							"formdata": [
								{
									"key": "titel",
									"value": "Gratis kæmpekage",
									"contentType": "text/plain",
									"description": "Nyhedens titel",
									"type": "text"
								},
								{
									"key": "teaser",
									"value": "Kom og spis verdens største hindbærsnitte",
									"contentType": "text/plain",
									"description": "Nyhedens korte tekst",
									"type": "text"
								},
								{
									"key": "nyhedstekst",
									"value": "Er du vild med søde sager, og kan du godt lide fest og farver? Aalborg Pride inviterer til parade, musik og gratis kage.",
									"contentType": "text/plain",
									"description": "Nyhedsteksten",
									"type": "text"
								},
								{
									"key": "image",
									"description": "Billede/image til nyheden",
									"type": "file",
									"src": []
								}
							]
						},
						"url": {
							"raw": "http://localhost:5033/nyheder/admin",
							"protocol": "http",
							"host": [
								"localhost"
							],
							"port": "5033",
							"path": [
								"nyheder",
								"admin"
							]
						}
					},
					"response": []
				},
				{
					"name": "PUT -  ret nyhed ud fra ID",
					"request": {
						"method": "PUT",
						"header": [
							{
								"key": "Content-Type",
								"value": "multipart/form-data",
								"type": "text"
							}
						],
						"body": {
							"mode": "formdata",
							"formdata": [
								{
									"key": "titel",
									"value": "Rettet nyhed",
									"contentType": "text/plain",
									"description": "Nyhedens titel",
									"type": "text"
								},
								{
									"key": "teaser",
									"value": "Nyhedens korte rettede tekst her",
									"contentType": "text/plain",
									"description": "Nyhedens korte tekst",
									"type": "text"
								},
								{
									"key": "nyhedstekst",
									"value": "Nyhedens lange rettede tekst",
									"contentType": "text/plain",
									"description": "Nyhedsteksten",
									"type": "text"
								},
								{
									"key": "image",
									"description": "Nyhedens image hvis det skal rettes/ændres",
									"type": "file",
									"src": []
								}
							]
						},
						"url": {
							"raw": "http://localhost:5033/nyheder/admin/5f70cd42f70dd77a80d424a9",
							"protocol": "http",
							"host": [
								"localhost"
							],
							"port": "5033",
							"path": [
								"nyheder",
								"admin",
								"5f70cd42f70dd77a80d424a9"
							]
						}
					},
					"response": []
				},
				{
					"name": "DELETE - slet nyhed ud fra ID",
					"request": {
						"method": "DELETE",
						"header": [],
						"url": {
							"raw": "http://localhost:5033/nyheder/admin/5f70cd0af70dd77a80d424a8",
							"protocol": "http",
							"host": [
								"localhost"
							],
							"port": "5033",
							"path": [
								"nyheder",
								"admin",
								"5f70cd0af70dd77a80d424a8"
							]
						}
					},
					"response": []
				}
			],
			"protocolProfileBehavior": {}
		},
		{
			"name": "Nyhedsbrevtilmelding",
			"item": [
				{
					"name": "nyhedsbrevtilmelding GET - hent alle",
					"request": {
						"method": "GET",
						"header": [],
						"url": {
							"raw": "http://localhost:5033/nyhedsbrevtilmelding/admin",
							"protocol": "http",
							"host": [
								"localhost"
							],
							"port": "5033",
							"path": [
								"nyhedsbrevtilmelding",
								"admin"
							]
						}
					},
					"response": []
				},
				{
					"name": "nyhedsbrevtilmelding GET - hent ud fra ID",
					"request": {
						"method": "GET",
						"header": [],
						"url": {
							"raw": "http://localhost:5033/nyhedsbrevtilmelding/admin/5f6a603840d3372d647b6651",
							"protocol": "http",
							"host": [
								"localhost"
							],
							"port": "5033",
							"path": [
								"nyhedsbrevtilmelding",
								"admin",
								"5f6a603840d3372d647b6651"
							]
						}
					},
					"response": []
				},
				{
					"name": "nyhedsbrevtilmelding POST - opret ny",
					"request": {
						"method": "POST",
						"header": [
							{
								"warning": "This is a duplicate header and will be overridden by the Content-Type header generated by Postman.",
								"key": "Content-Type",
								"type": "text",
								"value": "application/x-www-form-urlencoded"
							}
						],
						"body": {
							"mode": "urlencoded",
							"urlencoded": [
								{
									"key": "email",
									"value": "test@xxx.dk",
									"type": "text"
								}
							]
						},
						"url": {
							"raw": "http://localhost:5033/nyhedsbrevtilmelding/",
							"protocol": "http",
							"host": [
								"localhost"
							],
							"port": "5033",
							"path": [
								"nyhedsbrevtilmelding",
								""
							]
						}
					},
					"response": []
				},
				{
					"name": "nyhedsbrevtilmelding PUT - ret nyhedsbrevtilmelding ud fra ID",
					"request": {
						"method": "PUT",
						"header": [
							{
								"warning": "This is a duplicate header and will be overridden by the Content-Type header generated by Postman.",
								"key": "Content-Type",
								"type": "text",
								"value": "application/x-www-form-urlencoded"
							}
						],
						"body": {
							"mode": "urlencoded",
							"urlencoded": [
								{
									"key": "email",
									"value": "yyy2@xxx.dk",
									"type": "text"
								}
							]
						},
						"url": {
							"raw": "http://localhost:5033/nyhedsbrevtilmelding/admin/5f70c88de2c7eb8e6423fae4",
							"protocol": "http",
							"host": [
								"localhost"
							],
							"port": "5033",
							"path": [
								"nyhedsbrevtilmelding",
								"admin",
								"5f70c88de2c7eb8e6423fae4"
							]
						}
					},
					"response": []
				},
				{
					"name": "nyhedsbrevtilmelding DELETE - slet ud fra ID",
					"request": {
						"method": "DELETE",
						"header": [],
						"url": {
							"raw": "http://localhost:5033/nyhedsbrevtilmelding/admin/5f70c88de2c7eb8e6423fae4",
							"protocol": "http",
							"host": [
								"localhost"
							],
							"port": "5033",
							"path": [
								"nyhedsbrevtilmelding",
								"admin",
								"5f70c88de2c7eb8e6423fae4"
							]
						}
					},
					"response": []
				},
				{
					"name": "nyhedsbrevtilmelding DELETE - slet ud fra EMAIL",
					"request": {
						"method": "DELETE",
						"header": [],
						"url": {
							"raw": "http://localhost:5033/nyhedsbrevtilmelding/afmeld/zzz@zzz.dk",
							"protocol": "http",
							"host": [
								"localhost"
							],
							"port": "5033",
							"path": [
								"nyhedsbrevtilmelding",
								"afmeld",
								"zzz@zzz.dk"
							]
						}
					},
					"response": []
				}
			],
			"protocolProfileBehavior": {}
		}
	],
	"protocolProfileBehavior": {}
}